ID,Q1,Q2,Q3,Q4,Q5,Q6,Q7,Q8
R01,2,3,3,4,3,3,3,4
R02,3,3,3,3,3,2,3,4
R03,4,4,4,4,4,4,3,3
R04,2,3,3,4,3,4,3,3
R05,2,1,2,2,2,2,3,3
R06,3,2,2,3,3,3,2,3
R07,1,1,1,2,2,1,1,1
R08,2,4,3,3,2,4,4,3
R09,2,3,2,2,3,2,4,3
R10,1,2,2,2,1,2,3,2
R11,2,3,3,4,3,3,3,3
R12,2,2,2,2,2,2,3,2
R13,4,4,5,5,5,5,4,5
R14,2,2,3,3,3,3,2,2
R15,2,3,3,2,3,2,3,3
R16,4,2,3,3,4,2,3,4
R17,3,3,3,3,3,3,3,3
R18,4,4,4,5,4,5,4,4
R19,3,4,4,3,4,3,4,4
R20,4,3,3,4,4,4,3,4
R21,2,3,2,3,3,3,2,2
R22,2,3,3,3,3,3,3,4
R23,3,3,3,4,3,3,3,2
R24,3,3,2,3,4,3,3,4
R25,3,3,3,2,3,3,3,2
R26,4,4,4,5,4,4,4,5
R27,5,4,5,4,4,4,5,5
R28,2,2,2,1,2,2,2,2
R29,3,3,3,5,3,5,4,3
R30,3,2,4,2,3,3,2,2
