Compound,LogP,MW,HBD,TPSA,pIC50
C001,4.51,339.1,4,43.2,5.63
C002,0.87,437.8,4,81.8,3.51
C003,3.72,337.3,3,50.5,5.08
C004,3.4,389.7,0,40.7,5.92
C005,0.95,409.0,4,61.2,2.94
C006,4.7,491.4,1,69.6,7.44
C007,3.67,426.8,5,82.3,5.28
C008,3.51,413.1,5,48.3,4.94
C009,4.5,458.2,1,61.8,6.54
C010,3.22,452.2,1,95.0,6.02
C011,1.63,498.0,0,47.4,5.2
C012,2.41,346.4,0,66.7,6.2
C013,1.23,386.0,5,74.2,3.88
C014,0.54,298.1,5,112.3,1.06
C015,3.12,315.5,1,43.3,5.26
C016,2.14,503.9,0,111.9,5.53
C017,0.96,467.2,3,117.9,3.8
C018,3.87,502.2,1,109.2,7.0
C019,4.47,285.9,5,114.0,4.13
C020,4.02,378.8,5,109.1,4.52
C021,4.04,305.9,0,108.7,5.53
C022,1.5,476.0,3,68.0,4.63
C023,1.5,438.4,3,66.3,3.28
C024,4.39,512.1,2,68.1,5.85
C025,4.3,359.5,0,49.2,6.67
C026,4.87,322.9,2,43.1,5.92
C027,4.04,384.7,4,49.3,5.01
C028,4.55,325.6,0,96.7,7.37
C029,2.92,452.7,5,99.0,4.09
C030,1.39,383.5,5,113.7,2.26
C031,1.06,496.0,4,64.7,3.26
C032,2.34,376.6,2,84.4,4.82
C033,2.21,459.6,1,89.2,5.76
C034,1.85,411.5,0,64.3,5.48
C035,3.23,357.3,3,75.4,5.54
C036,1.46,393.6,5,53.6,3.77
C037,3.35,360.4,1,93.8,5.69
C038,1.51,327.8,0,43.7,5.51
C039,3.96,389.3,5,86.1,4.51
C040,3.73,372.2,3,59.5,5.25
