Patient,Time_Weeks,Event,Group
PT001,55.6,1,New_Drug
PT002,58.8,1,New_Drug
PT003,4.5,1,New_Drug
PT004,22.1,1,New_Drug
PT005,7.7,1,New_Drug
PT006,104,0,New_Drug
PT007,29.2,1,New_Drug
PT008,2.1,1,New_Drug
PT009,11.5,1,New_Drug
PT010,75.4,1,New_Drug
PT011,24.4,1,New_Drug
PT012,64.7,1,New_Drug
PT013,44.1,1,New_Drug
PT014,104,0,New_Drug
PT015,36.2,1,New_Drug
PT016,104,0,New_Drug
PT017,88.8,1,New_Drug
PT018,37.9,1,New_Drug
PT019,50.8,1,New_Drug
PT020,28.1,1,New_Drug
PT021,71.0,1,New_Drug
PT022,31.8,1,New_Drug
PT023,91.0,1,New_Drug
PT024,54.4,1,New_Drug
PT025,25.7,1,New_Drug
PT026,12.0,1,New_Drug
PT027,11.4,1,New_Drug
PT028,40.6,1,New_Drug
PT029,58.1,1,New_Drug
PT030,29.5,1,New_Drug
PT031,23.7,1,Control
PT032,7.7,1,Control
PT033,1.9,1,Control
PT034,8.1,1,Control
PT035,7.6,1,Control
PT036,9.2,1,Control
PT037,18.6,1,Control
PT038,3.6,1,Control
PT039,6.3,1,Control
PT040,28.4,1,Control
PT041,29.4,1,Control
PT042,1.6,1,Control
PT043,12.6,1,Control
PT044,18.8,1,Control
PT045,12.9,1,Control
PT046,5.6,1,Control
PT047,13.1,1,Control
PT048,56.5,1,Control
PT049,21.1,1,Control
PT050,28.5,1,Control
PT051,46.6,1,Control
PT052,34.8,1,Control
PT053,11.5,1,Control
PT054,0.1,1,Control
PT055,10.4,1,Control
PT056,33.6,1,Control
PT057,46.1,1,Control
PT058,73.6,1,Control
PT059,13.0,1,Control
PT060,33.0,1,Control
