Subject,Dose,VAS_Score
S001,Placebo,7.22
S002,Placebo,5.79
S003,Placebo,5.68
S004,Placebo,6.5
S005,Placebo,8.74
S006,Placebo,5.13
S007,Placebo,5.94
S008,Placebo,8.27
S009,Placebo,5.92
S010,Placebo,6.03
S011,Placebo,6.63
S012,Placebo,4.89
S013,Placebo,6.79
S014,Placebo,4.93
S015,Placebo,7.65
S016,Placebo,6.5
S017,Placebo,9.47
S018,Placebo,6.87
S019,Placebo,8.28
S020,Placebo,4.81
S021,5mg,5.04
S022,5mg,5.62
S023,5mg,7.47
S024,5mg,3.01
S025,5mg,6.49
S026,5mg,5.97
S027,5mg,7.19
S028,5mg,6.13
S029,5mg,5.27
S030,5mg,4.52
S031,5mg,3.58
S032,5mg,5.45
S033,5mg,4.95
S034,5mg,7.83
S035,5mg,4.41
S036,5mg,5.62
S037,5mg,3.16
S038,5mg,4.69
S039,5mg,5.54
S040,5mg,6.27
S041,10mg,5.88
S042,10mg,3.94
S043,10mg,2.55
S044,10mg,4.6
S045,10mg,4.67
S046,10mg,4.64
S047,10mg,3.09
S048,10mg,5.47
S049,10mg,4.11
S050,10mg,4.91
S051,10mg,5.66
S052,10mg,4.79
S053,10mg,4.37
S054,10mg,6.8
S055,10mg,4.32
S056,10mg,3.62
S057,10mg,4.15
S058,10mg,5.93
S059,10mg,4.15
S060,10mg,4.68
S061,20mg,4.65
S062,20mg,2.43
S063,20mg,0.86
S064,20mg,3.49
S065,20mg,3.4
S066,20mg,2.31
S067,20mg,4.23
S068,20mg,3.89
S069,20mg,1.81
S070,20mg,3.77
S071,20mg,2.85
S072,20mg,1.17
S073,20mg,3.69
S074,20mg,3.04
S075,20mg,2.13
S076,20mg,3.78
S077,20mg,3.73
S078,20mg,2.35
S079,20mg,3.62
S080,20mg,4.42
